,x0,x1,x2,x3,x4,x5,x6,x7,x8,x9,x10,x11,h0,h1,h2,h3,h4,h5,h6,h7,h8,h9,h10,h11,Time
0,0.1,0.1,0.1,0.1,0.1,0.1,0.1,0.1,0.1,0.1,0.1,0.1,6131.743869551,6131.743869551,36131.743869551,6131.743869551,6131.743869551,6131.743869551,6131.743869551,6131.743869551,6131.743869551,6131.743869551,6131.743869551,6131.743869551,0.0
1,0.26005319451588277,0.166632219858823,0.2056266033265104,0.28952012531553983,0.18324716771676205,0.12973543070314536,0.10870251563473166,0.10110504587133302,0.09662192473187786,0.08970429185990647,0.07660003510842053,0.056168822275900684,6387.662045173884,5821.688718769785,25730.40372162907,14948.788537417244,11338.396221666517,8515.918636466002,7010.504344950927,6410.087849808999,6237.253445002395,6243.843294933235,6352.021692993694,6125.468887540689,0.25252525252525254
2,0.4137475113011361,0.26138109120272907,0.2852993051075353,0.3501757810579672,0.24909993097111954,0.17495740566771148,0.1303423192221919,0.10505462848685995,0.0878658711491301,0.07144844504838246,0.053661918008681385,0.035031870476973384,5985.98602323603,5585.156867692408,18704.15840573974,18261.27315197105,16690.838483352833,14036.716367105768,11218.287663973086,9001.367861794459,7635.221470947259,6984.67699583466,6784.2014970933415,6236.584172081673,0.5050505050505051
3,0.5353849737750188,0.3413843343595243,0.3401706576869748,0.38613722221500935,0.2954245350117537,0.2132940001047138,0.15197117258289908,0.11001423441021163,0.08066783880314869,0.0578295510215164,0.038967368516039456,0.02338985801328137,5271.180853521136,5496.744240831775,14100.872325370954,18542.841097213673,18734.161148110503,17827.904472377897,15914.01372144357,13510.024699229758,11219.522206437048,9440.029309894091,8272.64027676705,6848.200688018227,0.7575757575757576
4,0.6219472031247488,0.4064184716540706,0.38166055291833334,0.410651461105048,0.3294066995067954,0.2445748808978602,0.1713505671707559,0.11623332755438957,0.07698764868968613,0.04981403383224442,0.030376977036962214,0.01687103058038632,4549.6835548155705,5408.7873137121305,11097.40548422774,17423.266329087703,18547.439338103126,19053.132006529482,18651.974761860747,17338.384369903622,15403.400256261833,13263.74288054916,11302.959690370853,8761.942777711862,1.0101010101010102
5,0.6826460728163892,0.4587225158892425,0.41441668740443893,0.4284807536856925,0.3552530429081683,0.2703328002105136,0.18923538120236477,0.12375092662280236,0.07695890110808408,0.04586849864082975,0.025920311301861614,0.01331377956887491,3939.3734135101104,5276.810028874195,9135.522741068206,15791.693519689272,17279.77248360526,18562.371454424487,19308.93295705659,19270.78057121829,18400.806574391805,16860.86396765714,14944.8324943587,12399.394554231038,1.2626262626262628
6,0.725805381513969,0.5006286928929362,0.44079518442665705,0.44204484144784595,0.3755949979220779,0.2921941764258633,0.20612990840392156,0.1327963295974248,0.07958642822560409,0.0450079185175828,0.023979131018498148,0.01154295720002102,3458.1219406109476,5107.870411139486,7843.562181198086,14098.631430965768,15638.402053082918,17232.463480363087,18616.22359141251,19495.46815430374,19672.789434228227,19106.642387987875,17895.932781898486,17283.52382406353,1.5151515151515151
7,0.7571604371089979,0.5342176336016559,0.46227624555663516,0.45273241691338467,0.3921468353176547,0.31129193107917746,0.22243111377698277,0.14317103821605784,0.08420373683570948,0.046311719709816616,0.023638473786114587,0.01087167300306485,3087.79498662886,4921.015664845143,6979.624928603313,12548.580343498788,13990.671677830724,15628.37691469096,17273.145220113867,18655.97172328614,19552.824260271173,19839.621229117885,19497.962546516028,22410.494454672586,1.7676767676767677
8,0.7804444637480403,0.5612252506972045,0.47991255623522777,0.46139143527571486,0.40601036520251593,0.328341339022004,0.23839603122710976,0.1544745178774652,0.0905232301137392,0.04894502372106897,0.024477532172227316,0.010885424897951792,2803.7434782045634,4732.624788678938,6389.011828350481,11214.911775628589,12500.962190053417,14050.227608066587,15734.234005976516,17323.62286930442,18603.83594485507,19448.861521022092,19803.20040935811,26853.928410796216,2.0202020202020203
9,0.7980862302416054,0.583047959230184,0.49449561968531847,0.4685627614064013,0.41787878707904375,0.34382078466366506,0.25401815243933723,0.16659632640008215,0.09800133817127332,0.05269111903030829,0.026061442005830642,0.01136512365850586,2584.4835303762493,4553.376821695389,5973.900845816971,10105.743440232276,11224.36361824501,12631.575241834375,14243.68469762812,15864.746701541313,17294.78214416521,18423.505292666858,19207.219155436673,30081.457007612804,2.272727272727273
10,0.811694353018705,0.6007867146470461,0.5066347599825298,0.4746017133244599,0.42820399974008705,0.35800359119033653,0.26929396279667617,0.17930424725187802,0.10642342542526763,0.057262633616847414,0.028216122184460686,0.012172467145232693,2413.4930080417635,4389.0321661357675,5672.80525102148,9200.232835658322,10161.889519593919,11414.914035190355,12908.973700750226,14474.955063402502,15920.806727147896,17147.572011879,18132.86710001658,31962.73856013997,2.5252525252525255
11,0.8223586066872011,0.615300630597048,0.5168039173928786,0.4797513630983472,0.43728377023455633,0.37106775705427614,0.28414979073359453,0.19247975722996402,0.11551453221102717,0.06260110313937371,0.0307607532798293,0.013235896695959332,2278.6055050597643,4241.946133517271,5447.136639635681,8467.564602157427,9291.176218530101,10397.467024507252,11762.209589234468,13237.665444885468,14636.984579073183,15857.105389828,16895.945564270038,32635.422396618775,2.777777777777778
12,0.8308342993642537,0.6272570324405132,0.5253743227308967,0.4841836556369015,0.44532734079855535,0.3831162750755984,0.29854940133326513,0.20591404518278647,0.12522820034547077,0.06850849696654637,0.033681777380610796,0.014501367296075422,2170.967350686635,4112.3754483137645,5272.604720011098,7876.237954960118,8582.374733956358,9557.31380319781,10797.624065684842,12175.171162511364,13505.593758948335,14673.381014147253,15685.530198899653,32361.261560840063,3.0303030303030303
13,0.8376557291437469,0.6371739816998606,0.5326384499341289,0.4880255684487543,0.45248516793637683,0.39423092321926423,0.3124203722992036,0.2195060456812604,0.1353983743299919,0.07497709653937076,0.03689221110803887,0.015946633724551892,2084.1245318416823,3999.4036780025626,5133.797861869836,7398.068833000255,8005.890111537197,8866.657683273166,9994.11737138619,11278.469270270696,12539.636847735688,13641.744837008826,14595.09620736958,31424.318461946525,3.282828282828283
14,0.8432079940431377,0.6454543783468265,0.5388283100848343,0.4913728623006024,0.4588782593381842,0.40445086355893545,0.32579230488542377,0.23291611313308458,0.1463373476445321,0.08147229198707448,0.04068619281610902,0.017512557078170173,2013.335832558775,3901.540221569205,5020.800435584778,7009.4937543661235,7535.533169133355,8298.632993486726,9325.404441791121,10528.58210723472,11723.40324197957,12771.56115816656,13653.849088722893,30076.683534588632,3.5353535353535355
15,0.8477732566005478,0.652412754401616,0.5441287565387337,0.49430279418837025,0.46459182103422847,0.4138665606033978,0.33848995745401594,0.24639252942659634,0.1573152426603973,0.08870388129177446,0.04453880190676485,0.019254987696026134,1955.0829979070186,3817.0835991488993,4927.104753751265,6691.535175800265,7149.640304282913,7829.169660946455,8768.274300188912,9898.332815072436,11041.536611403764,12041.355603899117,12865.539850505998,28516.214146746337,3.787878787878788
16,0.8515614417316234,0.6582957837586894,0.5486885005961556,0.49687543090980957,0.4697083490463767,0.4225059976123516,0.3505643386648299,0.2596229036411693,0.16865412598907342,0.09615228268558158,0.048756786420526124,0.02112418573126782,1906.726478598551,3744.330478448377,4848.318757946704,6429.28229035164,6830.709136813471,7438.807159564366,8300.753707448626,9367.402441003895,10467.38225505916,11434.108628770393,12211.009965211184,26886.703729159348,4.040404040404041
17,0.8547308153685326,0.6632980756123756,0.5526276209464984,0.49914107343977504,0.47429192125721636,0.43042823703388944,0.36195745285148845,0.27263154238353304,0.18007019331584156,0.10402989757787211,0.05315119719522599,0.0231383300330168,1866.2641670136582,3681.6853942573866,4781.3820231156815,6211.151083375999,6565.0209864114795,7111.661823004851,7905.727983860438,8915.690755624822,9981.917757106688,10925.426832964687,11670.678495021331,25283.96445980368,4.292929292929293
18,0.8574022506977814,0.6675740946817318,0.5560438742523548,0.5011409731644773,0.47840141952643506,0.4376754351444945,0.37268163126409953,0.2852895450818754,0.1915979776101379,0.11216052179267244,0.05780042571022992,0.025279992088198134,1832.1609288449326,3627.711657170021,4724.0818499633015,6028.2070691372755,6341.869388118339,6835.339904458356,7569.033259451643,8528.172465428046,9566.469713243463,10496.78584425105,11222.653950758535,23766.99015230008,4.545454545454546
19,0.8596691188075822,0.6712472603856195,0.5590172679157669,0.5029100159979499,0.48208729909721076,0.44429564522972637,0.38273319330398775,0.2975483473397426,0.20314164095467493,0.12052826181836689,0.06267102195264627,0.02754644655819836,1803.2274027316844,3581.1470747434178,4674.759599532481,5873.561432259605,6152.967532853701,6600.107159399707,7279.72465082061,8192.427902758856,9207.028022139186,10131.399929332849,10848.512156920924,22367.60313002915,4.7979797979797985
20,0.8616043524066274,0.6744168447041979,0.5616137054327816,0.5044777342204297,0.4853945324466784,0.45033430724261353,0.39212201988225887,0.3093571876530173,0.21463211059319826,0.12908970480993773,0.06774298512429197,0.02993231897598749,1778.5328471492603,3540.9005382853948,4632.129283813231,5741.8882561051005,5991.8869059475355,6398.389107846632,7029.215459549673,7898.883001335318,8892.443830152777,9815.99135297982,10532.827744094539,21099.050739570208,5.050505050505051
21,0.8632654939350762,0.6771632352913328,0.563887812283796,0.5058692033722514,0.4883637587898827,0.45583249416252475,0.4008759072505571,0.320639120508314,0.2260884874516895,0.1376770700811683,0.07309154651749042,0.03241692647215901,1757.3419235184328,3506.0388050638308,4595.164923067526,5629.04584176743,5853.615138040301,6224.296625592446,6810.700025386138,7640.4784474636845,8613.347513328337,9541.315884823538,10262.34462203032,19962.648924202193,5.303030303030304
22,0.8646983840055643,0.679551975311954,0.5658850201617686,0.5071065620692072,0.4910280471737395,0.460844059170313,0.4089717169286105,0.33150326950377,0.23713969043924574,0.14668461078890255,0.07835140835925834,0.0350429694716542,1739.0683746037544,3475.7689597513922,4563.030426813138,5531.7815490677085,5734.2490193119165,6073.073365167167,6619.341982508096,7410.204679205185,8366.064516260401,9295.302474223285,10030.555279753062,18951.93382587531,5.555555555555556
23,0.8659398735145603,0.6816368280492062,0.567643551907206,0.5082077521781555,0.4934228956303427,0.4653926134131458,0.41649897252478973,0.3417295557218255,0.24817909105534064,0.15542321469388823,0.08399956211181674,0.03772772523310637,1723.2407054869961,3449.4203418205657,4535.030966073238,5447.52765282614,5630.646923346249,5941.188617728112,6450.39844268311,7205.467297797545,8141.449871737694,9077.823832708931,9825.330099484689,18057.48618208003,5.808080808080809
24,0.8670198313368557,0.6834622137278379,0.569195400497469,0.5091897111751423,0.4955727173588088,0.46953388019814224,0.42341818932864944,0.35151984141629755,0.2586729891795153,0.1645524525391671,0.089447664244747,0.04054510171545467,1709.4766466176757,3426.4265393146047,4510.5854210293655,5374.219317509097,5540.360242852443,5825.527677135529,6301.183171703803,7020.795040348801,7940.195501057302,8877.721752707323,9646.152030658028,17266.897362064803,6.0606060606060606
25,0.8679626688475184,0.6850650172145648,0.5705678179498526,0.5100659023498338,0.4975058272238182,0.4732906476508419,0.4298096332297485,0.36071354519930227,0.2689365392242389,0.17350255675050022,0.09508649991397328,0.04342142435842881,1697.4638035626358,3406.309876149529,4489.200762279579,5310.195017030081,5461.353522879832,5723.820419388316,6168.549806060994,6854.860971360799,7756.064893188894,8696.366732874218,9484.769275024399,16568.59299433055,6.313131313131313
26,0.8687884802353528,0.686476074696247,0.5717838928958073,0.5108486659899448,0.49924434665380957,0.4766987646507413,0.435695104279423,0.3693444265673638,0.27886609077816177,0.18232696827478412,0.10081156180277423,0.046355659500301634,1686.945043827034,3388.6670533893443,4470.458667151713,5254.092393530876,5391.990911120066,5634.085992039095,6050.386765476952,6705.129083601139,7587.41889500672,8530.209007319745,9338.551511510099,15950.909626230094,6.565656565656566
27,0.8695139253444754,0.6877212946114349,0.5728633946305386,0.5115484387517872,0.5008097475465145,0.4797842129969755,0.4411251167591885,0.3773616449237348,0.2885735945785093,0.19076228189375213,0.10678471035583803,0.04930506146401116,1677.707235959703,3373.157253867822,4454.001840535171,5204.789361232129,5330.907152198593,5554.749312554213,5944.691850740413,6570.298132577224,7431.160305587055,8379.287657361425,9203.180672980423,15403.45749072924,6.818181818181818
28,0.8701529056183522,0.6888225695369513,0.5738232448620092,0.5121745880301412,0.5022200342131135,0.48257635931372905,0.44612793084610786,0.38479063471652386,0.29801445130877935,0.19879696808952357,0.11296289607484676,0.052256845736378184,1669.5725843272523,3359.4918086976295,4439.52508681812,5161.349852525092,5276.975060281173,5484.44727762142,5849.957919086119,6448.703833746137,7286.055468664518,8241.800441761423,9076.832474936256,14916.74837372741,7.070707070707071
29,0.8707170889793951,0.689798509148429,0.5746778443121549,0.5127364354869591,0.5034862276236043,0.4851229469575852,0.45065561190909476,0.39189864139366565,0.3065685734758265,0.20735251772878102,0.11849675008890394,0.05532898080279924,1662.3918942263167,3347.425451872103,4426.7685536083145,5122.980203441169,5229.293883519746,5421.837095454791,5765.608408909546,6336.70515576019,7156.522745658193,8107.670699322466,8965.611048578883,14481.438125737472,7.3232323232323235
30,0.8712163333890443,0.6906649497834496,0.5754399322328502,0.5132401848524607,0.5046276438038476,0.4874279842586095,0.45481328500255813,0.398467986448928,0.3147966875850386,0.21550641466568632,0.12411897635634328,0.05838709627957243,1656.039187946795,3336.7497409871526,4415.506607676984,5089.023526414144,5187.0173457284445,5366.131537687027,5689.82373058591,6235.364261891189,7036.275523901656,7984.210435927544,8861.296116645244,14091.338525719111,7.575757575757576
31,0.8716590030799377,0.6914354802072199,0.5761203823293939,0.5136924310080436,0.5056561272701994,0.48951816340407966,0.4586135184296213,0.4045742041332389,0.3225681362076139,0.22343231995883156,0.12963360825858322,0.06144426395231799,1650.407599468948,3327.2865056918104,4405.547011780463,5058.913309588941,5149.472154722205,5316.454024187316,5621.782155016589,6143.187391583538,6925.6290085178225,7868.79218861995,8764.545039855071,13740.135380758556,7.828282828282829
32,0.8720522353169147,0.6921217704681368,0.5767287879030748,0.5140981076617294,0.5065863318730771,0.4914017598448987,0.46212683028279816,0.41010704985400864,0.3302075656629236,0.23057687745922004,0.13549462233367957,0.06440832868096107,1645.4059858711244,3318.883324089367,4396.7231442375505,5032.171460820054,5116.045126575759,5272.196079282071,5560.236979611489,6060.533158899852,6820.827433064275,7765.706245696274,8670.195898807897,13423.293319462231,8.080808080808081
33,0.8724021394289035,0.692733933916352,0.5772732401253255,0.5144633528652536,0.5074233061859729,0.49311817824055654,0.4653036843364353,0.41532755626306167,0.337145686083764,0.23785990031592724,0.1408473100411047,0.06740362452935994,1640.9563303421276,3311.408899253522,4388.894012967142,5008.374846897094,5086.280802148667,5232.541028507141,5505.145596250184,5984.422113163103,6726.524722761365,7665.722657460379,8585.384885466467,13135.353700786236,8.333333333333334
34,0.8727139764193825,0.6932807067298424,0.577761013223274,0.5147922825301683,0.5081776471624104,0.4946786686272134,0.4681894655070565,0.42019486257330374,0.3435518692022205,0.2450148578400968,0.145890673885705,0.07038296896190897,1636.991495399159,3304.750315735759,4381.936136630399,4987.167817014975,5059.731802008202,5196.998653152589,5455.6601050020945,5914.7591808313755,6640.622949646377,7570.724147005028,8507.607346961742,12872.931267231017,8.585858585858587
35,0.872992293027029,0.6937696655316516,0.5781986021079362,0.5150878165434462,0.5088618484582436,0.49608252535990804,0.47086246075112426,0.42456373029739614,0.3498506663741194,0.2513434414983046,0.15124036376331304,0.07322853933452621,1633.4534888249775,3298.810117140147,4375.741676617635,4968.2477766432485,5035.9826023936885,5165.244097195215,5410.689415953836,5852.487040715332,6558.737573124506,7486.688048804713,8430.599639866492,12633.801779449655,8.83838383838384
36,0.8732410237211455,0.6942074541998448,0.5785914247753661,0.515354349956941,0.5094791902192313,0.4973594850390269,0.47328834813144594,0.4286310949539036,0.35563424340126654,0.2575375658502284,0.15625174886014628,0.07603620649896531,1630.2921141352285,3293.5034460061315,4370.219896422911,4951.339515961786,5014.742440971463,5136.716834260081,5370.23783536084,5795.433623522093,6484.267947533446,7406.775116485163,8359.86909036036,12414.522728923426,9.090909090909092
37,0.8734635922745846,0.6945998643162631,0.5789443689096664,0.5155950199662453,0.5100361013308405,0.4985225285406082,0.47548595823481665,0.432421614883738,0.3609189477818989,0.26360402761654655,0.16089646038665054,0.07880078701072629,1627.4637160558068,3288.7566656381878,4365.290985771818,4936.208827328539,4995.72684402058,5111.050112832308,5333.860154807356,5743.072712717546,6416.734626737211,7330.560394081925,8295.278314849525,12212.874399526088,9.343434343434344
38,0.8736629872001005,0.6949519554569517,0.579261851110867,0.5158119601314395,0.5105409734557101,0.4995739111722042,0.47750409578581615,0.4358663397755976,0.36594356051247,0.26916782324623634,0.1655182778467581,0.081453929880076,1624.930210641996,3284.5057207454524,4360.884572651383,4922.655960892738,4978.66331755402,5088.009142815038,5300.869842211105,5695.786765952224,6353.641224337044,7261.210380891122,8233.296811156439,12027.491998209243,9.595959595959597
39,0.8738418196512976,0.6952681825273781,0.5795476817860542,0.5160076245497454,0.5109989632455665,0.5005247562012629,0.4793565632171175,0.4389980875912533,0.37069806330137867,0.2742766754968207,0.17007478672595958,0.08399471427241186,1622.6583217746136,3280.6945211333846,4356.940183279474,4910.502441393556,4963.334038226429,5067.305076364192,5270.935805750199,5653.049059627723,6294.836744817689,7198.014711268629,8174.0232198935755,11856.756580292928,9.84848484848485
40,0.8740023729528512,0.695552497461364,0.5798050134645538,0.5161855132487984,0.5114093630143342,0.501403745474078,0.48099470127532906,0.4420274286277989,0.3747429334672712,0.2797175635471099,0.17382274635609668,0.0865470680726993,1620.6189337289861,3277.2736368743545,4353.407053715931,4899.582703420528,4949.595856924521,5048.510702780877,5244.332309134278,5612.714020619123,6244.1852896257005,7133.444393104272,8124.095083474507,11698.271253491566,10.101010101010102
41,0.8741466682873061,0.6958082962494319,0.5800372573864598,0.5163450241877325,0.511786798992043,0.5021824831371013,0.48255409068448135,0.4446153503115741,0.3789656323649386,0.284023197023177,0.17815346802169965,0.0888627767081025,1618.7863477888357,3274.2004866352595,4350.23507012803,4889.777171371955,4937.185839299717,5031.746884248428,5219.648531028425,5577.756828826345,6193.2741398505705,7080.904069732648,8070.391228798011,11552.84381880533,10.353535353535355
42,0.8742764685109506,0.6960386760800908,0.5802467575598862,0.5164897319195207,0.5121274862342887,0.5028956323914472,0.4839582348499524,0.4470453240085246,0.3827412786428237,0.28829297703701007,0.1820400648062729,0.09111881500790087,1617.1380797227864,3271.436704831819,4347.386593328265,4880.952231456269,4926.023436573001,5016.569234000211,5197.458752567777,5545.402340804872,6147.737445222084,7030.024649015986,8022.24249703537,11418.004924269577,10.606060606060607
43,0.8743933305417174,0.6962463648596681,0.5804356867248033,0.5166222366426115,0.5124306482046928,0.5035641964876931,0.485174157575286,0.4494634062243961,0.38578125832089244,0.29306533566391396,0.1849743600388222,0.09340434817951483,1615.654284382624,3268.9485833412305,4344.827756833343,4872.994185813229,4916.014756616005,5002.67493445337,5177.950520751152,5514.16794240317,6110.111553386778,6975.661053083693,7984.194666448246,11292.121717324517,10.85858585858586
44,0.8744986517369537,0.6964336545904296,0.5806068263576832,0.5167398607324514,0.5127155116570165,0.5041388381828293,0.4863907321833265,0.45136963391336876,0.3893423836174655,0.2962359871984191,0.1889832440077561,0.09535910287545653,1614.3172520721735,3266.7075115253156,4342.520904069531,4865.837217574639,4906.897749001072,4990.424217944456,5159.269713702457,5488.576701369832,6068.620285871155,6937.192230607366,7937.308015821264,11177.320532294365,11.111111111111112
45,0.8745936335258122,0.6966027807728122,0.5807612707410074,0.516848357465795,0.5129668224651509,0.5046868768221168,0.487420336977254,0.45335062761142647,0.3920697790897317,0.300159537261613,0.1918287685066193,0.09738189403678375,1613.1116014966876,3264.6863152487444,4340.4456005955435,4859.3670187887155,4898.731628639413,4979.110931607241,5143.0640784800025,5463.090665628152,6035.719357001856,6892.6681949564545,7902.20718264379,11069.659321007395,11.363636363636365
46,0.8746793729965429,0.6967555441451365,0.5809012559631129,0.5169454543245067,0.5132003793889782,0.5051679740867994,0.4884161651970799,0.4550061853898014,0.3949759052513838,0.3031512830793968,0.19514283647978325,0.09918234213280344,1612.0234378847354,3262.8626335111303,4338.572170110812,4853.533426020385,4891.304974257425,4969.033469539094,5127.83356481371,5441.333477273665,6001.92639497922,6857.6080701586125,7863.648881030733,10970.865799675694,11.616161616161618
47,0.8747568202290876,0.696893680565572,0.5810278634770374,0.5170344708216487,0.5134092374034156,0.5056177914410068,0.4892883527167392,0.4566292469787057,0.39739903415470496,0.3063707391261728,0.19783495817564073,0.10095985255449977,1611.0406248307877,3261.215388059884,4336.882793153205,4848.255160533261,4884.619186672571,4959.796812510256,5114.340155632599,5420.512374946495,5973.294194365399,6821.170093848681,7831.647047094121,10878.759602293372,11.86868686868687
48,0.8748268299115968,0.6970186768983034,0.5811424617749517,0.5171160106634833,0.5135965270923489,0.5060361730770333,0.49005786086047215,0.4581911583871001,0.399457939447031,0.309664719699661,0.2000610600891,0.10268968774578921,1610.1522934935474,3259.7263977397533,4335.357975118267,4843.4763116503045,4878.591873131559,4951.344384475714,5102.326947251072,5400.825354226247,5948.648166655977,6784.695355030224,7804.669834645891,10793.024675276101,12.121212121212121
49,0.8748901746142832,0.6971317903941496,0.5812467187069233,0.5171880575881136,0.5137748144908305,0.5063913708512425,0.4908409523568582,0.45939611615713444,0.40189281672705235,0.3117968689400981,0.20304501823886328,0.10415406567862269,1609.3486754929559,3258.3801221194317,4333.976293670986,4839.164785723482,4873.062023112989,4943.917873748475,5090.661102403576,5384.955145184376,5921.060174872747,6759.578042390266,7771.292930279124,10714.974090586178,12.373737373737374
50,0.8749475112392561,0.6972343156304894,0.581340968766243,0.5172554641576196,0.5139298014610881,0.5067392326368538,0.4914824236993113,0.4607085539422305,0.4036431536627197,0.31462251940247044,0.20500316381514677,0.10567967366635905,1608.6213273955666,3257.161124618286,4332.729421019571,4835.246366659306,4868.115493807355,4936.955966523742,5080.731728845197,5368.542642657217,5900.306499707425,6728.5525652351635,7747.988653292614,10641.525074386185,12.626262626262626
51,0.8749994607645211,0.697327211597155,0.5814268282364569,0.5173150334591711,0.5140776225304641,0.5070346527992582,0.49213493915486467,0.4617253233454266,0.4056945023042772,0.31648557201213595,0.20756549301596278,0.10697618274354313,1607.9624337350192,3256.057468422582,4331.5977759810685,4831.706573684259,4863.56933527863,4930.834555556284,5071.080520968441,5355.278688132812,5877.197945651083,6706.920445434283,7719.583521717982,10574.656552436125,12.878787878787879
52,0.8750465440974418,0.6974115224798262,0.5815045042482881,0.5173709926149964,0.5142056596265443,0.5073258291778827,0.4926653950899941,0.46284079979952525,0.40714616825058597,0.3189560952213033,0.20922528730663786,0.10832275363444027,1607.3652920888517,3255.0567725671294,4330.575391420044,4828.483940918873,4859.503065406975,4925.072579340425,5062.9021077748785,5341.465029708926,5860.0411308979765,6680.074563879338,7699.996320106269,10511.738992784436,13.131313131313131
53,0.8750892529895036,0.6974880366837798,0.5815751523182464,0.5174216010639983,0.5143237061841817,0.5075870881467371,0.4931639534323682,0.4638239430777298,0.40857591569083324,0.32108057709378696,0.21092529042003424,0.10955289405670328,1606.8236991671467,3254.149326274677,4329.647982281002,4825.56140529518,4855.798533159727,4919.874894929967,5055.326474828506,5329.206649139286,5843.438785644522,6656.8133285596705,7680.438888504518,10453.799907021428,13.383838383838384
54,0.8751280211351726,0.6975574952958887,0.5816395730314401,0.5174666556590165,0.5144352783386871,0.5078129940432773,0.4936574452134386,0.4646210725307347,0.4101330959553314,0.32262644431376625,0.21291640792792785,0.11062590049027439,1606.332157290093,3253.326122696597,4328.8049691135975,4822.914429793979,4852.397274363201,4915.262936298855,5048.07424499156,5318.968156729666,5825.970482935471,6639.254971766087,7658.5434039510355,10400.871451861178,13.636363636363637
55,0.8751632197999232,0.697620655314502,0.5816978767378405,0.5175094061521643,0.5145307266102688,0.5080395062679899,0.49404841998955856,0.4655175936115631,0.4111788324196987,0.3247203330619505,0.21410933198238422,0.11174580424376256,1605.8858840957364,3252.578241978851,4328.042534454551,4820.497623051479,4849.361774693905,4910.879208045208,5042.020910809928,5308.07392426346,5813.528427796368,6616.918581444806,7644.373858218046,10351.005574864248,13.88888888888889
56,0.8751952188146523,0.6976779916991814,0.5817515007056168,0.5175452336898062,0.514629599591972,0.5082089370618289,0.49451735202512914,0.46603380287282004,0.4128526685179078,0.32543028323850637,0.2164173810581552,0.11256815561300192,1605.480291804965,3251.8995817935,4327.344873617907,4818.321764156528,4846.495151035503,4907.233157426271,5035.469715441164,5300.945168385822,5795.518045761635,6607.687964705127,7620.156131564513,10306.759172600692,14.141414141414142
57,0.8752242886953379,0.6977302661341045,0.5817995432212004,0.5175823303830169,0.5147033620726451,0.5084161229540859,0.49479093083644043,0.4669321866849953,0.41339772417397885,0.32778814935279504,0.21688342788871395,0.11364030765663781,1605.1117654812983,3251.2815685470405,4326.718147464286,4816.312319954036,4844.033997951908,4903.4291268997595,5030.931105643083,5290.489018039348,5788.2045440719585,6583.422948184946,7613.28129636314,10263.416837092387,14.393939393939394
58,0.8752507508295088,0.6977777323719795,0.5818440073091186,0.5176122552260654,0.5147853398511361,0.5085591800147814,0.49517827514987134,0.4673811564461753,0.4147716505813201,0.3284650724822322,0.21878814426802295,0.11436541173811023,1604.7764200498825,3250.7204921220577,4326.141826632343,4814.510184283767,4841.662195639836,4900.38888743627,5025.521285183008,5284.394424055177,5773.413255810696,6574.966322764405,7593.303000469094,10225.636738849447,14.646464646464647
59,0.8752748163763102,0.6978210431536934,0.581883926747323,0.5176429532558631,0.5148476495673933,0.5087296038350201,0.49541576423063766,0.46811101395496224,0.41529237635962296,0.33035966990367466,0.21930044719850064,0.11526863094475975,1604.4713982609235,3250.2090926427204,4325.623128397997,4812.846163160954,4839.614172704776,4897.251717232643,5021.665205570074,5275.871621277717,5766.720766941148,6555.4188288157375,7586.449451827872,10188.915094165048,14.8989898989899
60,0.8752967431516399,0.697860414580184,0.5819208490295392,0.5176680361936206,0.5149155107476358,0.5088510659115711,0.4957343850567093,0.4685051789198069,0.41641176930981444,0.33100920237712966,0.22085253424027496,0.11590694900640408,1604.193577439396,3249.7442791783974,4325.146150896452,4811.3503161773815,4837.649937238275,4894.7070711933,5017.206903933089,5270.620245235274,5754.646718673504,6547.596937219946,7570.147074411025,10156.685933384968,15.151515151515152
61,0.8753167124988345,0.69789631773298,0.581954371996046,0.517691810479507,0.5149743184206419,0.5089722969315059,0.49599600072115374,0.46894799642184654,0.4172482054656853,0.33193502245028783,0.22196454096811236,0.11655817977031488,1603.9405609604387,3249.3207136918068,4324.71323723645,4809.981139995215,4835.887833356335,4892.292040826987,5013.412074495171,5265.061726747265,5745.349614159204,6537.376435766062,7558.099402895014,10126.497562976487,15.404040404040405
62,0.8753349087536558,0.6979290625637801,0.5819848791265646,0.5177139780613808,0.5150264381541398,0.5090883273126118,0.4962207312408067,0.4693948265907211,0.41792564341778626,0.3329473344939696,0.22283183648727692,0.11718958194998769,1603.7100193079318,3248.9346501518326,4324.319593383104,4808.729744995307,4834.295346580227,4890.040529427623,5010.081535987492,5259.596315204336,5737.665482365531,6526.501612316033,7548.478149573263,10098.451456963221,15.656565656565657
63,0.875351499600806,0.6979589205000915,0.5820127697213106,0.5177339934165982,0.5150750133094325,0.5091917550857115,0.4964346163273113,0.46978202570272787,0.4185945887748445,0.33379190358912714,0.22372282689491904,0.11775804051692677,1603.49984068271,3248.5827885949657,4323.960409335735,4807.589957090904,4832.834143893796,4888.010043507907,5006.9625639643145,5254.801814918759,5730.185685668186,6517.315858293,7538.779499755108,10072.752672611101,15.90909090909091
64,0.8753666251297605,0.6979861982019916,0.5820380103615769,0.517753549023032,0.5151148286312315,0.5093006259989807,0.4965888411605636,0.4702480073531911,0.41895339142104526,0.3350095756907415,0.22410707631105214,0.11836468068007593,1603.3082110362307,3248.2615826855535,4323.635003350136,4806.541355814331,4831.54172359578,4886.024421478743,5004.497075068338,5249.3839321307105,5725.695439717663,6504.791560385302,7533.908492388465,10048.423349867682,16.161616161616163
65,0.8753804382231593,0.6980110293937771,0.5820614891839345,0.5177690622835293,0.5151599033086294,0.5093733970524174,0.4968080850282869,0.470466000040525,0.4197650331012466,0.33530202610740906,0.22528108594865515,0.11877340881484266,1603.133277619477,3247.969157806275,4323.334251519143,4805.6003060307,4830.2842948125735,4884.458088516461,5001.520629044091,5246.362294202854,5717.109510230806,6500.95615258802,7521.831097077486,10027.270674354197,16.414141414141415
66,0.8753930335638843,0.6980337673684684,0.5820825079295072,0.5177856403828188,0.515192400850211,0.5094671237263255,0.4969305437136777,0.4708765725096687,0.42002750612986345,0.3364013093381893,0.22554049953336464,0.1193024962669335,1602.9737212387295,3247.701670531039,4323.063831064149,4804.724844408445,4829.214085631188,4882.776895337836,4999.523888780558,5241.643333286532,5713.7092796644565,6489.738875795071,7518.340191312619,10006.562720244472,16.666666666666668
67,0.8754045525476007,0.6980544307592284,0.5821023786539471,0.5177971319081222,0.5152355594172935,0.5095114652999778,0.49716252102220737,0.47093233196581186,0.42100652454526094,0.33614948754607804,0.22702736760014297,0.11955974418093096,1602.827895826399,3247.4584319035653,4322.810860114945,4803.95019707841,4828.1163263596445,4881.62250515418,4996.587973025059,5240.293964663095,5703.750017263266,6491.140093354042,7503.563610372817,9989.404250874812,16.91919191919192
68,0.875415045654117,0.6980734550011319,0.58211959617397,0.5178128882007912,0.5152559329890177,0.5096111758977648,0.49720452030870216,0.47143953294465457,0.42085381653108345,0.3377135581580004,0.22662396131362944,0.12012586787017107,1602.6949423993947,3247.234946078553,4322.588651949981,4803.206879999417,4827.284259262744,4880.022301595901,4995.480724222732,5234.831969682952,5704.361730276439,6475.785407978548,7506.401896369127,9970.92918981429,17.171717171717173
69,0.8754246551577253,0.6980907149483668,0.5821361427836332,0.517822859143477,0.515290822058639,0.509652420119086,0.49738740741823934,0.4715185876134673,0.42160196266061656,0.3376324242523237,0.22775387755352738,0.12036958650800815,1602.5732970835845,3247.031951272494,4322.37824723419,4802.557757028693,4826.378490974428,4879.020351356059,4993.130649506701,5233.405568452918,5696.690655909949,6475.760489879662,7495.101487520999,9956.2187330665,17.424242424242426
70,0.8754334150194882,0.6981066092152304,0.5821505226503496,0.5178361512940409,0.5153075908385021,0.5097369091402881,0.4974204946596935,0.47194988547868405,0.42146338026095165,0.338967976529152,0.22740016160375207,0.1208528013719329,1602.4623152250915,3246.8453785670526,4322.1929949881105,4801.9361009466975,4825.686062422089,4877.673296955625,4992.225180995262,5228.773674744355,5697.305479132225,6462.667079521078,7497.630130987933,9940.573443277039,17.67676767676768
71,0.8754414452444151,0.6981210188470257,0.5821644652831593,0.5178439618202253,0.5153388182569837,0.5097655294374577,0.49759127239349155,0.4719713427100922,0.42219781575705534,0.3387254119532384,0.22852683441914118,0.12102811708832882,1602.360686496413,3246.6759858670243,4322.016389083502,4801.397251122921,4824.910894000839,4876.890420098315,4990.095820154772,5227.996269556749,5689.883520683934,6464.268472431166,7486.497185495812,9928.403522407923,17.92929292929293
72,0.8754487773645362,0.6981342519177265,0.5821768700803134,0.5178530631196099,0.5153603222387869,0.5098135639860631,0.4976849178930422,0.4721581898465692,0.4224859085657789,0.3391607738792199,0.22891278781225485,0.12131081806976653,1602.2678515495138,3246.520611345208,4321.858211396853,4800.891201896178,4824.265240590005,4875.973084342578,4988.7281486730835,5225.735411870768,5686.653096510546,6459.639880401787,7482.292151544293,9916.225050411877,18.181818181818183
73,0.8754554830747984,0.6981463565516735,0.5821882240608462,0.5178613860599292,0.5153800626923264,0.5098574492480338,0.4977712291949017,0.47232867234800396,0.4227536216197454,0.33955600871604125,0.2292723384550704,0.12156989800792425,1602.182952253094,3246.3785285741224,4321.713563960414,4800.4283610264565,4823.674129229853,4875.134659905158,4987.471353730747,5223.671734038512,5683.659822353072,6455.434458205059,7478.386125342562,9905.043110617185,18.434343434343436
74,0.8754616202165604,0.6981574153969976,0.5821987199256251,0.5178684406135953,0.5154002146149196,0.5098913646146778,0.4978684105755522,0.47243697452906097,0.42310853839379653,0.3397309691427297,0.22979003886340743,0.12177385187137167,1602.1052686219539,3246.2487180400594,4321.5803147824345,4800.008726891807,4823.114705794243,4874.425244327069,4986.153001731425,5222.225971675556,5679.901872857893,6453.318075596344,7473.06298695623,9895.052898653557,18.68686868686869
75,0.8754672279595098,0.6981675757522124,0.5822080717886939,0.5178763181258217,0.5154135434626004,0.5099381269109684,0.4979125362820248,0.4726556924357159,0.42316192030474087,0.3403591817910741,0.2298017774692846,0.12204755246553835,1602.0342553077228,3246.129585701229,4321.460802660604,4799.615100659148,4822.648588760196,4873.631183024503,4985.361866439542,5219.794319372329,5678.97986790932,6447.041308861367,7472.476373913601,9885.167406529497,18.93939393939394
76,0.8754723687565494,0.6981768275200725,0.5822169409493456,0.5178818452381994,0.5154318811098646,0.5099622954931474,0.4980065654873907,0.4727140963807108,0.42353489299554076,0.34037988100826877,0.230365233622837,0.12219696390511685,1601.9691982419345,3246.0210157535575,4321.3486134634195,4799.266267669032,4822.167137347446,4873.07633443814,4984.140998303231,5218.8834182021665,5675.131021325229,6446.436397364768,7466.814892152701,9876.928249680568,19.191919191919194
77,0.8754770622227512,0.6981853609003617,0.5822246543640237,0.5178891607920346,0.5154405387313694,0.5100093185739782,0.49802161127465794,0.47295609843389547,0.42344662365937685,0.34113641913684245,0.2301510784617159,0.1224704158517109,1601.9097504395113,3245.921057911643,4321.249732367619,4798.931655109404,4821.799172959338,4872.338925311358,4983.681572852526,5216.3018194270435,5675.592247866404,6439.043665905294,7468.40123501639,9868.242743142082,19.444444444444446
78,0.8754813746004964,0.6981930901434661,0.5822322557964928,0.5178929067428576,0.5154591702917874,0.5100197593786769,0.4981287305081367,0.47293090161954515,0.4239303478905385,0.34086452584944366,0.23091319267954452,0.12254368456239753,1601.8552025594365,3245.8303333929675,4321.15424967375,4798.645329600272,4821.366587837118,4871.96458582064,4982.396330421183,5216.226153667991,5670.780173170724,6441.219277407796,7460.969128654851,9861.729187959872,19.6969696969697
79,0.8754853063746141,0.6982002572582549,0.5822386478010527,0.5178994823963885,0.5154648863223605,0.5100640225773188,0.49812801952944685,0.47317004867054063,0.42377639280325097,0.3416387507016914,0.23059756916674917,0.12279954906011001,1601.8053952521993,3245.7464456293337,4321.072131494749,4798.361827075027,4821.071974315647,4871.301885513121,4982.134826093588,5213.725960573794,5671.9085968235,6433.724102364442,7463.561532536423,9854.199518223208,19.94949494949495
80,0.8754889295246386,0.6982067001929827,0.5822452785444526,0.5179012453938419,0.5154855358821427,0.5100575869094167,0.49826135759210616,0.4730345864132624,0.42444565725495365,0.3409646778036688,0.2316798473779863,0.12277975795039349,1601.7596017444216,3245.670752049121,4320.989759503002,4798.131069829149,4820.664344540854,4871.128166928029,4980.654159134065,5214.722744694396,5665.429230013703,6439.685132782892,7453.220180494496,9849.379109715464,20.202020202020204
81,0.8754922184116323,0.69821275940534,0.5822503458565464,0.5179084043759308,0.515484431048706,0.510112775462065,0.49820955448990334,0.47337099289383644,0.4240062595567661,0.34214351496344647,0.2308941720241138,0.1230926106159829,1601.7179013599275,3245.5999720336067,4320.923671394686,4797.882137592042,4820.470029463083,4870.405864011752,4980.90933712051,5211.366696947026,5669.252855502922,6428.489500876344,7460.225501084008,9842.235209368362,20.454545454545457
82,0.8754952587815071,0.6982181615396928,0.5822559391196871,0.5179097420422568,0.5155022993274883,0.5101058446473297,0.4983259599001333,0.4732459072848627,0.42459394069851353,0.3415338819187248,0.23184845772390977,0.12306851095751067,1601.6794793990848,3245.536517686478,4320.85433668692,4797.689492276537,4820.123217252843,4870.274313130599,4979.625178444239,5212.309169322874,5663.574264191962,6433.899894368099,7451.12058739514,9838.23510241778,20.70707070707071
83,0.8754980165551604,0.6982232581053265,0.5822601247113448,0.5179161363927056,0.5155000115874796,0.5101563292179747,0.498270789907896,0.4735591623887051,0.42415494603100296,0.34264388882264546,0.23107097578154842,0.12335408780471906,1601.6445055100883,3245.4770283122457,4320.799542147976,4797.477971332245,4819.972343853269,4869.629780513889,4979.9477879853885,5209.206057171217,5667.4346489914,6423.385335997895,7458.095265322901,9832.035057653893,20.959595959595962
84,0.8755005711629045,0.6982277787477426,0.5822649142349098,0.5179167576201951,0.5155168491542279,0.5101450581902023,0.49838438943152946,0.47341335488251796,0.42474289822415645,0.34197317412848033,0.23203072292711555,0.12330463344597296,1601.612236038634,3245.4239083347275,4320.740505767927,4797.31966430972,4819.664820805122,4869.56969597216,4978.722769690205,5210.375656065903,5661.790568565635,6429.401270103256,7448.9811382209355,9828.90592328567,21.212121212121215
85,0.875502896933413,0.6982320022394778,0.5822687910307365,0.5179201587656098,0.5155220852849035,0.5101657780314456,0.49840002315072746,0.4735129230745414,0.4247492653320757,0.34226709107987124,0.23201030677791243,0.12342734571975977,1601.5827901195116,3245.374488476501,4320.691172716839,4797.155374987072,4819.474165529932,4869.228382407675,4978.419777953645,5209.285667037629,5661.555284207048,6426.489731764735,7448.973736436987,9824.652423450616,21.464646464646467
86,0.8755050362949336,0.6982358319280231,0.5822726112467493,0.5179218123584808,0.5155321445373239,0.510168683437289,0.4984598726290237,0.47348392155028035,0.4250303576199573,0.3420686016002196,0.23245455749295413,0.12345376408787936,1601.5557405997768,3245.329581945624,4320.643497123646,4797.014720915727,4819.252399106403,4869.06389000942,4977.720420855376,5209.401640867846,5658.787459480238,6428.159684954162,7444.674215761015,9821.454630645505,21.71717171717172
87,0.8755069847255752,0.6982394084979097,0.5822756877578896,0.5179256558777245,0.5155329582172753,0.5101969301996688,0.49844208737443946,0.47364903925456714,0.4248480628656635,0.34263387441020743,0.2321242765623624,0.1236158266994745,1601.5310494380653,3245.2878123726296,4320.603752520881,4796.870065068647,4819.124318232804,4868.677243677193,4977.752371234244,5207.730723303005,5660.329816909889,6422.761933904844,7447.571723506149,9817.388574589968,21.969696969696972
88,0.8755087782805205,0.6982426446854225,0.5822787729461764,0.5179277187680393,0.5155389765460784,0.5102067898731903,0.4984713789185203,0.47368017497072307,0.4249568954205124,0.3426837849418016,0.23228409504922928,0.12367825120675591,1601.5083562196853,3245.249919703318,4320.564873417563,4796.747399729756,4818.959809688018,4868.4706896971375,4977.359313076743,5207.313669472551,5659.185132366399,6422.155974412404,7445.938579928701,9814.365370920996,22.222222222222225
89,0.8755104167583191,0.6982456388304289,0.5822814205010387,0.5179305990307449,0.5155409255080213,0.5102266873805754,0.49846743815475214,0.47379006123712286,0.42486974218349494,0.3430460884330307,0.2321190637682925,0.1237937692488146,1601.4876010991252,3245.2149321772526,4320.530917006316,4796.628283304197,4818.840944852331,4868.181258018679,4977.284292955235,5206.17725508678,5659.86902014659,6418.6653180268995,7447.330286525883,9811.11324376665,22.474747474747478
90,0.8755119250377553,0.6982483477790522,0.5822840729857783,0.5179320035532499,0.5155471842310761,0.5102313832476661,0.4985024648417056,0.4737893655220793,0.4250248100554325,0.34298246839987895,0.23235710420154865,0.12382668359076869,1601.468525293974,3245.183193071699,4320.497705721161,4796.527475620439,4818.692021609186,4868.04085054155,4976.857614003341,5206.075889446177,5658.317353670901,6419.135020700805,7444.996070855164,9808.728904579022,22.72727272727273
91,0.875513314373304,0.6982507944527466,0.5822867387805558,0.5179320103924048,0.515557537666265,0.510221659182249,0.49857430106143114,0.4736835968332483,0.4254050324917233,0.34251577888204726,0.23298146160502914,0.12378178146862008,1601.4509851157993,3245.154438962566,4320.465094480291,4796.443735594922,4818.514243745005,4868.041505071009,4976.098482193247,5206.957671469759,5654.687511311,6423.352250098624,7439.090321815237,9807.158379305083,22.979797979797983
92,0.8755145689887377,0.6982531389485342,0.5822885358885324,0.5179355686208157,0.5155542325628536,0.510251629459297,0.49852983084739505,0.47387789946142983,0.4250896038433948,0.34322087335727086,0.23243162801973047,0.12394943765183256,1601.435060661722,3245.127141143901,4320.441200054866,4796.342904968826,4818.465674014967,4867.6835889725035,4976.424599596619,5205.065739887774,5657.516659949706,6416.7132925932965,7444.082076456625,9804.000935827868,23.232323232323235
93,0.8755157383713702,0.6982551861630497,0.5822908367944247,0.5179352494654803,0.5155641160183972,0.5102399200057139,0.49860035509547485,0.47376250881538956,0.42546925266533375,0.342724893899695,0.2330606812043878,0.12389248207692528,1601.4203058521225,3245.1030623097913,4320.413240092662,4796.27471631246,4818.30569550521,4867.716758865755,4975.692589721589,5206.052529217311,5653.908833410264,6421.2197562863,7438.151426000785,9802.836929865574,23.484848484848488
94,0.8755167887928301,0.6982571794912174,0.582292206275412,0.5179390210657191,0.5155585346611116,0.510273610444649,0.4985388259411143,0.4739894404283185,0.4250593729059298,0.34356529557947996,0.23235265913421385,0.1240793508173667,1601.4069546053388,3245.079910368067,4320.394471264009,4796.1846604067605,4818.28992503301,4867.337559211245,4976.190438942521,5203.872560136543,5657.629041843924,6413.342310476787,7444.6270633984805,9799.802266672154,23.73737373737374
95,0.8755177754398396,0.6982588820704784,0.5822942608688719,0.5179380966235352,0.515569209197902,0.5102566144394635,0.498618485736372,0.47383891193581784,0.42550078606481573,0.34294043700793647,0.23308761130536687,0.12399314464376487,1601.3945217321295,3245.0598414667525,4320.369857490623,4796.131773752722,4818.134283054951,4867.431388593174,4975.386348165904,5205.198356086342,5653.462510218814,6419.05859372803,7437.730082124839,9799.13695824498,23.989898989898993
96,0.8755186586499349,0.6982605583012593,0.5822954127667628,0.5179412696379416,0.515564521981537,0.5102849354298268,0.4985668051027306,0.4740292725392928,0.4251566749542045,0.343646342618108,0.2324927422402136,0.12415054560585481,1601.3832960696586,3245.0403755117945,4320.3540786774565,4796.056034907606,4818.120970160936,4867.112618201474,4975.804456828632,5203.369567415516,5656.585704032854,6412.4418025659625,7443.170804491262,9796.58172339858,24.242424242424242
97,0.8755194903084625,0.6982619798247196,0.5822972073048227,0.5179401288607159,0.5155748045320199,0.5102666716867998,0.498644997214526,0.4738732069412652,0.42559491480113526,0.3430063488550154,0.23322471711650514,0.12405691931439031,1601.3728252531882,3245.0235958388657,4320.332766631426,4796.014018302868,4817.978412420803,4867.22814179087,4975.024495053558,5204.757809124505,5652.460331005856,6418.310823343229,7436.314528535604,9796.194341140335,24.494949494949495
98,0.8755202330258136,0.6982633900819654,0.5822981735082073,0.5179428128686899,0.5155708123496775,0.5102906692633302,0.49860117973051005,0.4740346523427454,0.42530379406578583,0.3436036221924221,0.23272097934698924,0.12418966709375635,1601.3633850956337,3245.007221726,4320.319524948294,4795.9502172234415,4817.9676660781015,4866.958402980536,4975.379410581901,5203.207273998917,5655.102932988773,6412.7126829451545,7440.922225212505,9794.041462856792,24.747474747474747
99,0.8755209269139267,0.6982646156917682,0.582299492611539,0.5179429002414403,0.5155756941880617,0.5102867286723947,0.4986344182930862,0.4739885830738883,0.4254769794822256,0.343397673476742,0.23300751258079064,0.12417265447486656,1601.3546239788561,3244.9928326073377,4320.303367938422,4795.907782446598,4817.881437928154,4866.95027419782,4975.024732275631,5203.58507007598,5653.445069440689,6414.5674134784185,7438.2073292873565,9793.207190953106,25.0
